{
  "data/example1/query_high_balance.json": {
    "Nested Loop Join": 0.011665582656860352,
    "Nested Loop Join + Optimization": 0.011739730834960938,
    "Hash Join": 0.011683940887451172,
    "Hash Join + Optimization": 0.011507511138916016,
    "Sort-Merge Join": 0.011328458786010742,
    "Sort-Merge Join + Optimization": 0.01061868667602539
  },
  "data/example2/query_open_order_line_totals.json": {
    "Nested Loop Join": 0.01103663444519043,
    "Nested Loop Join + Optimization": 0.010782480239868164,
    "Hash Join": 0.010365962982177734,
    "Hash Join + Optimization": 0.01122736930847168,
    "Sort-Merge Join": 0.011216402053833008,
    "Sort-Merge Join + Optimization": 0.010131359100341797
  },
  "data/example2/query_open_high_value_orders.json": {
    "Nested Loop Join": 0.011266708374023438,
    "Nested Loop Join + Optimization": 0.011089563369750977,
    "Hash Join": 0.011023521423339844,
    "Hash Join + Optimization": 0.011296987533569336,
    "Sort-Merge Join": 0.01070857048034668,
    "Sort-Merge Join + Optimization": 0.010184526443481445
  }
}